{"cameraMode":{"drawMode":0,"name":"Shaded","section":"Shading Mode"},"sceneLighting":false,"audioPlay":false,"sceneViewState":{"showFog":true,"showMaterialUpdate":false,"showSkybox":true,"showFlares":true,"showImageEffects":true,"showParticleSystems":true},"in2DMode":false,"pivot":{"x":436.0096435546875,"y":294.1026611328125,"z":1.998046875},"rotation":{"x":-0.027296369895339013,"y":-0.029855985194444658,"z":0.0008205228950828314,"w":-0.9991817474365234},"size":694.02734375,"orthographic":false}