{"cameraMode":{"drawMode":0,"name":"Shaded","section":"Shading Mode"},"sceneLighting":true,"audioPlay":false,"sceneViewState":{"showFog":true,"showMaterialUpdate":false,"showSkybox":true,"showFlares":true,"showImageEffects":true,"showParticleSystems":true},"in2DMode":false,"pivot":{"x":3.9869937896728517,"y":11.100370407104493,"z":38.23809051513672},"rotation":{"x":-0.17373186349868775,"y":-0.7681242227554321,"z":0.23409157991409303,"w":-0.5700909495353699},"size":34.09889602661133,"orthographic":false}