{"cameraMode":{"drawMode":0,"name":"Shaded","section":"Shading Mode"},"sceneLighting":true,"audioPlay":false,"sceneViewState":{"showFog":true,"showMaterialUpdate":false,"showSkybox":true,"showFlares":true,"showImageEffects":true,"showParticleSystems":true},"in2DMode":false,"pivot":{"x":-5.988733291625977,"y":9.805376052856446,"z":37.949222564697269},"rotation":{"x":0.10307818651199341,"y":-0.2539423704147339,"z":0.027204733341932298,"w":0.9613262414932251},"size":36.544578552246097,"orthographic":false}