{"cameraMode":{"drawMode":0,"name":"Shaded","section":"Shading Mode"},"sceneLighting":true,"audioPlay":false,"sceneViewState":{"showFog":true,"showMaterialUpdate":false,"showSkybox":true,"showFlares":true,"showImageEffects":true,"showParticleSystems":true},"in2DMode":false,"pivot":{"x":69.38238525390625,"y":77.75875854492188,"z":-53.507720947265628},"rotation":{"x":0.04173353686928749,"y":0.7749433517456055,"z":-0.05146891251206398,"w":0.6285476684570313},"size":449.412353515625,"orthographic":false}