{"cameraMode":{"drawMode":0,"name":"Shaded","section":"Shading Mode"},"sceneLighting":false,"audioPlay":false,"sceneViewState":{"showFog":true,"showMaterialUpdate":false,"showSkybox":true,"showFlares":true,"showImageEffects":true,"showParticleSystems":true},"in2DMode":false,"pivot":{"x":333.0991516113281,"y":146.96261596679688,"z":0.0},"rotation":{"x":-0.04947293549776077,"y":0.016442108899354936,"z":-0.0008103888831101358,"w":-0.9986398220062256},"size":269.3952331542969,"orthographic":false}