{"cameraMode":{"drawMode":0,"name":"Shaded","section":"Shading Mode"},"sceneLighting":true,"audioPlay":false,"sceneViewState":{"showFog":true,"showMaterialUpdate":false,"showSkybox":true,"showFlares":true,"showImageEffects":true,"showParticleSystems":true},"in2DMode":false,"pivot":{"x":-12.138336181640625,"y":13.278373718261719,"z":16.06922721862793},"rotation":{"x":0.07668361067771912,"y":0.7962198257446289,"z":-0.1032882109284401,"w":0.5911726951599121},"size":93.85429382324219,"orthographic":false}