{"cameraMode":{"drawMode":0,"name":"Shaded","section":"Shading Mode"},"sceneLighting":true,"audioPlay":false,"sceneViewState":{"showFog":true,"showMaterialUpdate":false,"showSkybox":true,"showFlares":true,"showImageEffects":true,"showParticleSystems":true},"in2DMode":false,"pivot":{"x":0.8040000200271606,"y":1.6510905027389527,"z":-0.14286506175994874},"rotation":{"x":0.6762865781784058,"y":0.06016872450709343,"z":-0.05559790879487991,"w":0.7320690751075745},"size":3.4384939670562746,"orthographic":false}