{"cameraMode":{"drawMode":0,"name":"Shaded","section":"Shading Mode"},"sceneLighting":false,"audioPlay":false,"sceneViewState":{"showFog":true,"showMaterialUpdate":false,"showSkybox":true,"showFlares":true,"showImageEffects":true,"showParticleSystems":true},"in2DMode":false,"pivot":{"x":-0.5280745625495911,"y":2.969311237335205,"z":76.64803314208985},"rotation":{"x":0.13867241144180299,"y":-0.09804195910692215,"z":0.013787821866571904,"w":0.9853769540786743},"size":46.010501861572269,"orthographic":false}