{"cameraMode":{"drawMode":0,"name":"Shaded","section":"Shading Mode"},"sceneLighting":false,"audioPlay":false,"sceneViewState":{"showFog":true,"showMaterialUpdate":false,"showSkybox":true,"showFlares":true,"showImageEffects":true,"showParticleSystems":true},"in2DMode":false,"pivot":{"x":0.156000018119812,"y":1.6570000648498536,"z":0.01000070571899414},"rotation":{"x":-0.04192622750997543,"y":0.13209092617034913,"z":-0.005589431617408991,"w":-0.9903348088264465},"size":6.1080098152160648,"orthographic":false}