{"cameraMode":{"drawMode":0,"name":"Shaded","section":"Shading Mode"},"sceneLighting":false,"audioPlay":false,"sceneViewState":{"showFog":true,"showMaterialUpdate":false,"showSkybox":true,"showFlares":true,"showImageEffects":true,"showParticleSystems":true},"in2DMode":false,"pivot":{"x":220.61663818359376,"y":124.27484130859375,"z":-0.11488411575555802},"rotation":{"x":-0.06020623818039894,"y":-0.04776611179113388,"z":0.0028892660047858955,"w":-0.9970383048057556},"size":348.0596923828125,"orthographic":false}