{"cameraMode":{"drawMode":0,"name":"Shaded","section":"Shading Mode"},"sceneLighting":true,"audioPlay":false,"sceneViewState":{"showFog":true,"showMaterialUpdate":true,"showSkybox":true,"showFlares":true,"showImageEffects":true,"showParticleSystems":true},"in2DMode":false,"pivot":{"x":-11.25,"y":2.8999996185302736,"z":160.6999969482422},"rotation":{"x":0.18271000683307649,"y":-0.3267621099948883,"z":0.06452388316392899,"w":0.9250483512878418},"size":7.239346027374268,"orthographic":false}