{"cameraMode":{"drawMode":0,"name":"Shaded","section":"Shading Mode"},"sceneLighting":false,"audioPlay":false,"sceneViewState":{"showFog":true,"showMaterialUpdate":false,"showSkybox":true,"showFlares":true,"showImageEffects":true,"showParticleSystems":true},"in2DMode":false,"pivot":{"x":3.0,"y":1.9999998807907105,"z":3.0899999141693117},"rotation":{"x":0.12545457482337953,"y":0.6383051872253418,"z":-0.10649191588163376,"w":0.7519888281822205},"size":1.428942322731018,"orthographic":false}