{"cameraMode":{"drawMode":0,"name":"Shaded","section":"Shading Mode"},"sceneLighting":false,"audioPlay":false,"sceneViewState":{"showFog":true,"showMaterialUpdate":false,"showSkybox":true,"showFlares":true,"showImageEffects":true,"showParticleSystems":true},"in2DMode":false,"pivot":{"x":0.0,"y":-0.06000000238418579,"z":20.809999465942384},"rotation":{"x":-0.08161929994821549,"y":-0.23078274726867677,"z":0.019435014575719835,"w":-0.9693812131881714},"size":2.8578836917877199,"orthographic":false}