{"cameraMode":{"drawMode":0,"name":"Shaded","section":"Shading Mode"},"sceneLighting":false,"audioPlay":false,"sceneViewState":{"showFog":true,"showMaterialUpdate":false,"showSkybox":true,"showFlares":true,"showImageEffects":true,"showParticleSystems":true},"in2DMode":false,"pivot":{"x":0.2999999523162842,"y":5.400000095367432,"z":16.700000762939454},"rotation":{"x":-0.4119863212108612,"y":0.12974782288074494,"z":-0.059390630573034289,"w":-0.8999475240707398},"size":11.783357620239258,"orthographic":false}