{"cameraMode":{"drawMode":0,"name":"Shaded","section":"Shading Mode"},"sceneLighting":false,"audioPlay":false,"sceneViewState":{"showFog":true,"showMaterialUpdate":false,"showSkybox":true,"showFlares":true,"showImageEffects":true,"showParticleSystems":true},"in2DMode":false,"pivot":{"x":-2.58978271484375,"y":2.6999969482421877,"z":46.6129150390625},"rotation":{"x":-0.04192622750997543,"y":0.13209092617034913,"z":-0.005589431617408991,"w":-0.9903348088264465},"size":506.4714050292969,"orthographic":false}