{"cameraMode":{"drawMode":0,"name":"Shaded","section":"Shading Mode"},"sceneLighting":false,"audioPlay":false,"sceneViewState":{"showFog":true,"showMaterialUpdate":false,"showSkybox":true,"showFlares":true,"showImageEffects":true,"showParticleSystems":true},"in2DMode":false,"pivot":{"x":1.899999976158142,"y":5.119999885559082,"z":10.050000190734864},"rotation":{"x":0.1968563199043274,"y":0.03921918570995331,"z":-0.00789061188697815,"w":0.9796158671379089},"size":23.01640510559082,"orthographic":false}