{"cameraMode":{"drawMode":0,"name":"Shaded","section":"Shading Mode"},"sceneLighting":false,"audioPlay":false,"sceneViewState":{"showFog":true,"showMaterialUpdate":false,"showSkybox":true,"showFlares":true,"showImageEffects":true,"showParticleSystems":true},"in2DMode":false,"pivot":{"x":297.9119873046875,"y":233.03363037109376,"z":-4.56988525390625},"rotation":{"x":-0.008999213576316834,"y":0.010462227277457714,"z":-0.0000900077138794586,"w":-0.9999048113822937},"size":739.4915771484375,"orthographic":false}