{"cameraMode":{"drawMode":0,"name":"Shaded","section":"Shading Mode"},"sceneLighting":false,"audioPlay":false,"sceneViewState":{"showFog":true,"showMaterialUpdate":true,"showSkybox":true,"showFlares":true,"showImageEffects":true,"showParticleSystems":true},"in2DMode":false,"pivot":{"x":61.87762451171875,"y":3.5427234172821047,"z":42.31024932861328},"rotation":{"x":-0.09061229974031449,"y":-0.1281442940235138,"z":0.011763076297938824,"w":-0.9875515699386597},"size":13.329730987548829,"orthographic":false}